"Path","ModuleId","Module","Classification"
"app/[locale]/(auth)/account-issue/page.tsx","M02","App Auth/Admin/Workspace Composition","adapter/composition"
"app/[locale]/(auth)/expert-login/page.tsx","M02","App Auth/Admin/Workspace Composition","adapter/composition"
"app/[locale]/(auth)/forgot-password/page.tsx","M02","App Auth/Admin/Workspace Composition","adapter/composition"
"app/[locale]/(auth)/layout.tsx","M02","App Auth/Admin/Workspace Composition","adapter/composition"
"app/[locale]/(auth)/reset-password/page.tsx","M02","App Auth/Admin/Workspace Composition","adapter/composition"
"app/[locale]/(auth)/sign-in/page.tsx","M02","App Auth/Admin/Workspace Composition","adapter/composition"
"app/[locale]/(auth)/sign-up/page.tsx","M02","App Auth/Admin/Workspace Composition","adapter/composition"
"app/[locale]/(auth)/verify-email/page.tsx","M02","App Auth/Admin/Workspace Composition","adapter/composition"
"app/[locale]/(dashboard)/dashboard/analytics/layout.tsx","M03","App Survey Composition","adapter/composition"
"app/[locale]/(dashboard)/dashboard/analytics/page.tsx","M03","App Survey Composition","adapter/composition"
"app/[locale]/(dashboard)/dashboard/analytics/survey-analytics-dashboard-content.tsx","M03","App Survey Composition","adapter/composition"
"app/[locale]/(dashboard)/dashboard/create/layout.tsx","M03","App Survey Composition","adapter/composition"
"app/[locale]/(dashboard)/dashboard/create/page.tsx","M03","App Survey Composition","adapter/composition"
"app/[locale]/(dashboard)/dashboard/dashboard-home-content.tsx","M02","App Auth/Admin/Workspace Composition","adapter/composition"
"app/[locale]/(dashboard)/dashboard/feedback/page.tsx","M02","App Auth/Admin/Workspace Composition","adapter/composition"
"app/[locale]/(dashboard)/dashboard/folders/[folderId]/page.tsx","M02","App Auth/Admin/Workspace Composition","adapter/composition"
"app/[locale]/(dashboard)/dashboard/folders/layout.tsx","M02","App Auth/Admin/Workspace Composition","adapter/composition"
"app/[locale]/(dashboard)/dashboard/folders/page.tsx","M02","App Auth/Admin/Workspace Composition","adapter/composition"
"app/[locale]/(dashboard)/dashboard/notifications/page.tsx","M02","App Auth/Admin/Workspace Composition","adapter/composition"
"app/[locale]/(dashboard)/dashboard/page.tsx","M02","App Auth/Admin/Workspace Composition","adapter/composition"
"app/[locale]/(dashboard)/dashboard/profile/page.tsx","M02","App Auth/Admin/Workspace Composition","adapter/composition"
"app/[locale]/(dashboard)/dashboard/settings/page.tsx","M02","App Auth/Admin/Workspace Composition","adapter/composition"
"app/[locale]/(dashboard)/dashboard/surveys/[surveyId]/analytics/chat/page.tsx","M03","App Survey Composition","adapter/composition"
"app/[locale]/(dashboard)/dashboard/surveys/[surveyId]/analytics/conversations/page.tsx","M03","App Survey Composition","adapter/composition"
"app/[locale]/(dashboard)/dashboard/surveys/[surveyId]/analytics/page.tsx","M03","App Survey Composition","adapter/composition"
"app/[locale]/(dashboard)/dashboard/surveys/[surveyId]/page.tsx","M03","App Survey Composition","adapter/composition"
"app/[locale]/(dashboard)/dashboard/surveys/[surveyId]/responses/[responseId]/page.tsx","M03","App Survey Composition","adapter/composition"
"app/[locale]/(dashboard)/dashboard/surveys/[surveyId]/sample-review/page.tsx","M03","App Survey Composition","adapter/composition"
"app/[locale]/(dashboard)/dashboard/surveys/layout.tsx","M03","App Survey Composition","adapter/composition"
"app/[locale]/(dashboard)/dashboard/surveys/page.tsx","M03","App Survey Composition","adapter/composition"
"app/[locale]/(dashboard)/dashboard/teaching/lessons/[lessonId]/page.tsx","M04","App Tutoring Composition","adapter/composition"
"app/[locale]/(dashboard)/dashboard/teaching/page.tsx","M04","App Tutoring Composition","adapter/composition"
"app/[locale]/(dashboard)/dashboard/teaching/profile/page.tsx","M04","App Tutoring Composition","adapter/composition"
"app/[locale]/(dashboard)/dashboard/teaching/reports/page.tsx","M04","App Tutoring Composition","adapter/composition"
"app/[locale]/(dashboard)/dashboard/teaching/students/[studentId]/page.tsx","M04","App Tutoring Composition","adapter/composition"
"app/[locale]/(dashboard)/dashboard/teaching/students/[studentId]/reports/[reportId]/page.tsx","M04","App Tutoring Composition","adapter/composition"
"app/[locale]/(dashboard)/layout.tsx","M02","App Auth/Admin/Workspace Composition","adapter/composition"
"app/[locale]/(legal)/cookies/page.tsx","M08","Marketing Presentation","owner-module"
"app/[locale]/(legal)/layout.tsx","M08","Marketing Presentation","owner-module"
"app/[locale]/(legal)/privacy/page.tsx","M08","Marketing Presentation","owner-module"
"app/[locale]/(legal)/terms/page.tsx","M08","Marketing Presentation","owner-module"
"app/[locale]/[...rest]/page.tsx","M01","App Shell and Locale Routing","adapter/composition"
"app/[locale]/5Yeo2xyqejRrN9bhz8FqWRPITkRXGZEM4Yma2eV3UI/feedback/page.tsx","M02","App Auth/Admin/Workspace Composition","adapter/composition"
"app/[locale]/5Yeo2xyqejRrN9bhz8FqWRPITkRXGZEM4Yma2eV3UI/layout.tsx","M02","App Auth/Admin/Workspace Composition","adapter/composition"
"app/[locale]/5Yeo2xyqejRrN9bhz8FqWRPITkRXGZEM4Yma2eV3UI/manage-users/create-expert/page.tsx","M02","App Auth/Admin/Workspace Composition","adapter/composition"
"app/[locale]/5Yeo2xyqejRrN9bhz8FqWRPITkRXGZEM4Yma2eV3UI/manage-users/manage-users-page-content.tsx","M02","App Auth/Admin/Workspace Composition","adapter/composition"
"app/[locale]/5Yeo2xyqejRrN9bhz8FqWRPITkRXGZEM4Yma2eV3UI/manage-users/page.tsx","M02","App Auth/Admin/Workspace Composition","adapter/composition"
"app/[locale]/5Yeo2xyqejRrN9bhz8FqWRPITkRXGZEM4Yma2eV3UI/page.tsx","M02","App Auth/Admin/Workspace Composition","adapter/composition"
"app/[locale]/5Yeo2xyqejRrN9bhz8FqWRPITkRXGZEM4Yma2eV3UI/surveys/[id]/page.tsx","M02","App Auth/Admin/Workspace Composition","adapter/composition"
"app/[locale]/5Yeo2xyqejRrN9bhz8FqWRPITkRXGZEM4Yma2eV3UI/surveys/page.tsx","M02","App Auth/Admin/Workspace Composition","adapter/composition"
"app/[locale]/5Yeo2xyqejRrN9bhz8FqWRPITkRXGZEM4Yma2eV3UI/usage/page.tsx","M02","App Auth/Admin/Workspace Composition","adapter/composition"
"app/[locale]/5Yeo2xyqejRrN9bhz8FqWRPITkRXGZEM4Yma2eV3UI/users/page.tsx","M02","App Auth/Admin/Workspace Composition","adapter/composition"
"app/[locale]/auth/continue/page.tsx","M02","App Auth/Admin/Workspace Composition","adapter/composition"
"app/[locale]/error.tsx","M01","App Shell and Locale Routing","adapter/composition"
"app/[locale]/expert/feedback/page.tsx","M04","App Tutoring Composition","adapter/composition"
"app/[locale]/expert/frameworks/[id]/page.tsx","M04","App Tutoring Composition","adapter/composition"
"app/[locale]/expert/frameworks/[id]/versions/page.tsx","M04","App Tutoring Composition","adapter/composition"
"app/[locale]/expert/frameworks/courses/page.tsx","M04","App Tutoring Composition","adapter/composition"
"app/[locale]/expert/frameworks/page.tsx","M04","App Tutoring Composition","adapter/composition"
"app/[locale]/expert/frameworks/studio/page.tsx","M04","App Tutoring Composition","adapter/composition"
"app/[locale]/expert/knowledge/page.tsx","M04","App Tutoring Composition","adapter/composition"
"app/[locale]/expert/layout.tsx","M04","App Tutoring Composition","adapter/composition"
"app/[locale]/expert/page.tsx","M04","App Tutoring Composition","adapter/composition"
"app/[locale]/expert/qa/page.tsx","M04","App Tutoring Composition","adapter/composition"
"app/[locale]/expert-invite/[invitationId]/page.tsx","M02","App Auth/Admin/Workspace Composition","adapter/composition"
"app/[locale]/invite/[invitationId]/invite-review-actions.tsx","M02","App Auth/Admin/Workspace Composition","adapter/composition"
"app/[locale]/invite/[invitationId]/page.tsx","M02","App Auth/Admin/Workspace Composition","adapter/composition"
"app/[locale]/layout.tsx","M01","App Shell and Locale Routing","adapter/composition"
"app/[locale]/not-found.tsx","M01","App Shell and Locale Routing","adapter/composition"
"app/[locale]/page.tsx","M08","Marketing Presentation","owner-module"
"app/[locale]/s/[shareableLink]/page.tsx","M03","App Survey Composition","adapter/composition"
"app/[locale]/s/[shareableLink]/respond/page.tsx","M03","App Survey Composition","adapter/composition"
"app/[locale]/s/[shareableLink]/respond/survey-respond-header.tsx","M03","App Survey Composition","adapter/composition"
"app/[locale]/s/[shareableLink]/respond/survey-respond-input-panel.tsx","M03","App Survey Composition","adapter/composition"
"app/[locale]/s/[shareableLink]/respond/survey-respond-message-list.tsx","M03","App Survey Composition","adapter/composition"
"app/[locale]/s/[shareableLink]/respond/survey-respond-models.ts","M03","App Survey Composition","adapter/composition"
"app/[locale]/s/[shareableLink]/respond/survey-respond-page-content.tsx","M03","App Survey Composition","adapter/composition"
"app/[locale]/s/[shareableLink]/respond/survey-respond-start-overlay.tsx","M03","App Survey Composition","adapter/composition"
"app/[locale]/s/[shareableLink]/respond/survey-respond-status.tsx","M03","App Survey Composition","adapter/composition"
"app/[locale]/s/[shareableLink]/respond/use-survey-respond-controller.ts","M03","App Survey Composition","adapter/composition"
"app/[locale]/sentry-test/page.tsx","M02","App Auth/Admin/Workspace Composition","adapter/composition"
"app/[locale]/student/classes/[classroomId]/(tabs)/layout.tsx","M04","App Tutoring Composition","adapter/composition"
"app/[locale]/student/classes/[classroomId]/(tabs)/lessons/classroom-lessons-page-content.tsx","M04","App Tutoring Composition","adapter/composition"
"app/[locale]/student/classes/[classroomId]/(tabs)/lessons/page.tsx","M04","App Tutoring Composition","adapter/composition"
"app/[locale]/student/classes/[classroomId]/(tabs)/progress/classroom-progress-client.tsx","M04","App Tutoring Composition","adapter/composition"
"app/[locale]/student/classes/[classroomId]/(tabs)/progress/page.tsx","M04","App Tutoring Composition","adapter/composition"
"app/[locale]/student/classes/[classroomId]/active-tab-link.tsx","M04","App Tutoring Composition","adapter/composition"
"app/[locale]/student/classes/[classroomId]/layout.tsx","M04","App Tutoring Composition","adapter/composition"
"app/[locale]/student/classes/[classroomId]/lessons/[lessonId]/page.tsx","M04","App Tutoring Composition","adapter/composition"
"app/[locale]/student/classes/[classroomId]/lessons/live-session-client.tsx","M04","App Tutoring Composition","adapter/composition"
"app/[locale]/student/classes/[classroomId]/lessons/live-session-message-parts.tsx","M04","App Tutoring Composition","adapter/composition"
"app/[locale]/student/classes/[classroomId]/lessons/live-session-status-card.tsx","M04","App Tutoring Composition","adapter/composition"
"app/[locale]/student/classes/page.tsx","M04","App Tutoring Composition","adapter/composition"
"app/[locale]/student/classes/student-classes-client.tsx","M04","App Tutoring Composition","adapter/composition"
"app/[locale]/student/dashboard/page.tsx","M04","App Tutoring Composition","adapter/composition"
"app/[locale]/student/layout.tsx","M04","App Tutoring Composition","adapter/composition"
"app/[locale]/student/notifications/page.tsx","M04","App Tutoring Composition","adapter/composition"
"app/[locale]/student/profile/edit/page.tsx","M04","App Tutoring Composition","adapter/composition"
"app/[locale]/student/profile/page.tsx","M04","App Tutoring Composition","adapter/composition"
"app/[locale]/student/progress/page.tsx","M04","App Tutoring Composition","adapter/composition"
"app/[locale]/student/progress/student-progress-page-content.tsx","M04","App Tutoring Composition","adapter/composition"
"app/[locale]/student/sessions/page.tsx","M04","App Tutoring Composition","adapter/composition"
"app/[locale]/student/sessions/student-sessions-page-content.tsx","M04","App Tutoring Composition","adapter/composition"
"app/[locale]/student/settings/page.tsx","M04","App Tutoring Composition","adapter/composition"
"app/[locale]/student/surveys/page.tsx","M04","App Tutoring Composition","adapter/composition"
"app/actions/admin.ts","M02","App Auth/Admin/Workspace Composition","adapter/composition"
"app/actions/classroom.ts","M04","App Tutoring Composition","adapter/composition"
"app/actions/classroom/classroom-actions.ts","M04","App Tutoring Composition","adapter/composition"
"app/actions/classroom/intervention-actions.ts","M04","App Tutoring Composition","adapter/composition"
"app/actions/classroom/lesson-actions.ts","M04","App Tutoring Composition","adapter/composition"
"app/actions/classroom/shared.ts","M04","App Tutoring Composition","adapter/composition"
"app/actions/classroom/student-actions.ts","M04","App Tutoring Composition","adapter/composition"
"app/actions/classroom/tutoring-actions.ts","M04","App Tutoring Composition","adapter/composition"
"app/actions/expert-knowledge.ts","M02","App Auth/Admin/Workspace Composition","adapter/composition"
"app/actions/folder.ts","M02","App Auth/Admin/Workspace Composition","adapter/composition"
"app/actions/notifications.ts","M02","App Auth/Admin/Workspace Composition","adapter/composition"
"app/actions/survey.ts","M03","App Survey Composition","adapter/composition"
"app/actions/survey/shared.ts","M03","App Survey Composition","adapter/composition"
"app/actions/survey/survey-lifecycle-actions.ts","M03","App Survey Composition","adapter/composition"
"app/actions/survey/survey-settings-actions.ts","M03","App Survey Composition","adapter/composition"
"app/actions/translate.ts","M02","App Auth/Admin/Workspace Composition","adapter/composition"
"app/api/admin/experts/[invitationId]/resend/route.ts","M02","App Auth/Admin/Workspace Composition","adapter/composition"
"app/api/admin/experts/route.ts","M02","App Auth/Admin/Workspace Composition","adapter/composition"
"app/api/auth/[...better-auth]/route.ts","M02","App Auth/Admin/Workspace Composition","adapter/composition"
"app/api/auth/complete/route.ts","M02","App Auth/Admin/Workspace Composition","adapter/composition"
"app/api/auth/intent/route.ts","M02","App Auth/Admin/Workspace Composition","adapter/composition"
"app/api/auth/token/route.ts","M02","App Auth/Admin/Workspace Composition","adapter/composition"
"app/api/classrooms/[classroomId]/assigned-surveys/route.ts","M04","App Tutoring Composition","adapter/composition"
"app/api/classrooms/[classroomId]/events/route.ts","M04","App Tutoring Composition","adapter/composition"
"app/api/classrooms/[classroomId]/lessons/route.ts","M04","App Tutoring Composition","adapter/composition"
"app/api/classrooms/[classroomId]/students/route.ts","M04","App Tutoring Composition","adapter/composition"
"app/api/classrooms/[classroomId]/topics/route.ts","M04","App Tutoring Composition","adapter/composition"
"app/api/classrooms/route.ts","M04","App Tutoring Composition","adapter/composition"
"app/api/expert/annotations/route.ts","M02","App Auth/Admin/Workspace Composition","adapter/composition"
"app/api/expert/courses/[courseId]/frameworks/route.ts","M02","App Auth/Admin/Workspace Composition","adapter/composition"
"app/api/expert/courses/route.ts","M02","App Auth/Admin/Workspace Composition","adapter/composition"
"app/api/expert/frameworks/[frameworkId]/activate/route.ts","M02","App Auth/Admin/Workspace Composition","adapter/composition"
"app/api/expert/frameworks/[frameworkId]/archive/route.ts","M02","App Auth/Admin/Workspace Composition","adapter/composition"
"app/api/expert/frameworks/[frameworkId]/route.ts","M02","App Auth/Admin/Workspace Composition","adapter/composition"
"app/api/expert/frameworks/[frameworkId]/versions/route.ts","M02","App Auth/Admin/Workspace Composition","adapter/composition"
"app/api/expert/frameworks/route.ts","M02","App Auth/Admin/Workspace Composition","adapter/composition"
"app/api/expert/review-queue/route.ts","M02","App Auth/Admin/Workspace Composition","adapter/composition"
"app/api/expert/sessions/[sessionId]/transcript/route.ts","M02","App Auth/Admin/Workspace Composition","adapter/composition"
"app/api/expert-invitations/[invitationId]/password-setup/route.ts","M02","App Auth/Admin/Workspace Composition","adapter/composition"
"app/api/feedback/route.ts","M02","App Auth/Admin/Workspace Composition","adapter/composition"
"app/api/health/route.ts","M02","App Auth/Admin/Workspace Composition","adapter/composition"
"app/api/interventions/route.ts","M04","App Tutoring Composition","adapter/composition"
"app/api/lessons/[lessonId]/activation-state/route.ts","M04","App Tutoring Composition","adapter/composition"
"app/api/lessons/[lessonId]/materials/route.ts","M04","App Tutoring Composition","adapter/composition"
"app/api/lessons/[lessonId]/material-upload-attempts/[attemptId]/retry/route.ts","M04","App Tutoring Composition","adapter/composition"
"app/api/lessons/[lessonId]/material-upload-attempts/route.ts","M04","App Tutoring Composition","adapter/composition"
"app/api/lessons/[lessonId]/questions/route.ts","M04","App Tutoring Composition","adapter/composition"
"app/api/lessons/[lessonId]/readiness/route.ts","M04","App Tutoring Composition","adapter/composition"
"app/api/lessons/[lessonId]/reports/route.ts","M04","App Tutoring Composition","adapter/composition"
"app/api/lessons/[lessonId]/tutoring-session/route.ts","M04","App Tutoring Composition","adapter/composition"
"app/api/media/lessons/[materialId]/route.ts","M04","App Tutoring Composition","adapter/composition"
"app/api/media/surveys/[surveyId]/[mediaId]/route.ts","M03","App Survey Composition","adapter/composition"
"app/api/privacy/consent/route.ts","M02","App Auth/Admin/Workspace Composition","adapter/composition"
"app/api/privacy/delete-account/route.ts","M02","App Auth/Admin/Workspace Composition","adapter/composition"
"app/api/privacy/export/route.ts","M02","App Auth/Admin/Workspace Composition","adapter/composition"
"app/api/privacy/request/route.ts","M02","App Auth/Admin/Workspace Composition","adapter/composition"
"app/api/privacy/respondent-delete/route.ts","M02","App Auth/Admin/Workspace Composition","adapter/composition"
"app/api/privacy/respondent-export/route.ts","M02","App Auth/Admin/Workspace Composition","adapter/composition"
"app/api/sentry-test/route.ts","M02","App Auth/Admin/Workspace Composition","adapter/composition"
"app/api/students/[studentId]/chat-sessions/[sessionId]/route.ts","M04","App Tutoring Composition","adapter/composition"
"app/api/students/[studentId]/chat-sessions/route.ts","M04","App Tutoring Composition","adapter/composition"
"app/api/students/[studentId]/patterns/route.ts","M04","App Tutoring Composition","adapter/composition"
"app/api/students/me/patterns/route.ts","M04","App Tutoring Composition","adapter/composition"
"app/api/students/me/route.ts","M04","App Tutoring Composition","adapter/composition"
"app/api/students/onboarding/route.ts","M04","App Tutoring Composition","adapter/composition"
"app/api/surveys/[surveyId]/analytics/chat/route.ts","M03","App Survey Composition","adapter/composition"
"app/api/surveys/[surveyId]/analytics/chat-sessions/[sessionId]/route.ts","M03","App Survey Composition","adapter/composition"
"app/api/surveys/[surveyId]/analytics/chat-sessions/route.ts","M03","App Survey Composition","adapter/composition"
"app/api/surveys/[surveyId]/analytics/compare/route.ts","M03","App Survey Composition","adapter/composition"
"app/api/surveys/[surveyId]/analytics/conversations/route.ts","M03","App Survey Composition","adapter/composition"
"app/api/surveys/[surveyId]/analytics/history/route.ts","M03","App Survey Composition","adapter/composition"
"app/api/surveys/[surveyId]/analytics/route.ts","M03","App Survey Composition","adapter/composition"
"app/api/surveys/[surveyId]/analytics/status/route.ts","M03","App Survey Composition","adapter/composition"
"app/api/surveys/[surveyId]/analytics/transcribe/route.ts","M03","App Survey Composition","adapter/composition"
"app/api/surveys/[surveyId]/conversations/[conversationId]/feedback/route.ts","M03","App Survey Composition","adapter/composition"
"app/api/surveys/[surveyId]/create/route.ts","M03","App Survey Composition","adapter/composition"
"app/api/surveys/[surveyId]/details/route.ts","M03","App Survey Composition","adapter/composition"
"app/api/surveys/[surveyId]/refinement/proposals/[proposalId]/route.ts","M03","App Survey Composition","adapter/composition"
"app/api/surveys/[surveyId]/refinement/route.ts","M03","App Survey Composition","adapter/composition"
"app/api/surveys/[surveyId]/responses/[responseId]/route.ts","M03","App Survey Composition","adapter/composition"
"app/api/surveys/[surveyId]/responses/route.ts","M03","App Survey Composition","adapter/composition"
"app/api/surveys/[surveyId]/sample/feedback/route.ts","M03","App Survey Composition","adapter/composition"
"app/api/surveys/[surveyId]/sample/route.ts","M03","App Survey Composition","adapter/composition"
"app/api/surveys/respond/[shareableLink]/resume-link/route.ts","M03","App Survey Composition","adapter/composition"
"app/api/surveys/respond/[shareableLink]/route.ts","M03","App Survey Composition","adapter/composition"
"app/api/surveys/route.ts","M03","App Survey Composition","adapter/composition"
"app/api/surveys/shared/[shareableLink]/route.ts","M03","App Survey Composition","adapter/composition"
"app/api/tutoring/sessions/[sessionId]/chat/route.ts","M04","App Tutoring Composition","adapter/composition"
"app/api/user/language/sync/route.ts","M02","App Auth/Admin/Workspace Composition","adapter/composition"
"app/api/voice/transcribe/route.ts","M03","App Survey Composition","adapter/composition"
"app/global-error.tsx","M01","App Shell and Locale Routing","adapter/composition"
"app/not-found.tsx","M01","App Shell and Locale Routing","adapter/composition"
"app/providers.tsx","M01","App Shell and Locale Routing","adapter/composition"
"app/robots.ts","M01","App Shell and Locale Routing","adapter/composition"
"app/sitemap.ts","M01","App Shell and Locale Routing","adapter/composition"
"features/admin/ui/admin-sidebar.tsx","M09","Admin Presentation","owner-module"
"features/admin/ui/admin-stats-card.tsx","M09","Admin Presentation","owner-module"
"features/admin/ui/growth-chart.tsx","M09","Admin Presentation","owner-module"
"features/admin/ui/resend-expert-invite-button.tsx","M09","Admin Presentation","owner-module"
"features/admin/ui/usage-type-chart.tsx","M09","Admin Presentation","owner-module"
"features/auth/client/auth-client.ts","M06","Auth Client UI and Emails","owner-module"
"features/auth/client/intent-client.ts","M06","Auth Client UI and Emails","owner-module"
"features/auth/email/expert-invitation-verification.tsx","M06","Auth Client UI and Emails","owner-module"
"features/auth/email/expert-password-setup.tsx","M06","Auth Client UI and Emails","owner-module"
"features/auth/email/password-reset.tsx","M06","Auth Client UI and Emails","owner-module"
"features/auth/email/secondary-verification.tsx","M06","Auth Client UI and Emails","owner-module"
"features/auth/email/verification.tsx","M06","Auth Client UI and Emails","owner-module"
"features/auth/public-client.ts","M06","Auth Client UI and Emails","owner-module"
"features/auth/public-server.ts","M05","Auth Runtime and Provisioning","owner-module"
"features/auth/public-ui.ts","M06","Auth Client UI and Emails","owner-module"
"features/auth/server/admin-path.ts","M05","Auth Runtime and Provisioning","owner-module"
"features/auth/server/audit.ts","M05","Auth Runtime and Provisioning","owner-module"
"features/auth/server/auth-intent.ts","M05","Auth Runtime and Provisioning","owner-module"
"features/auth/server/dal.ts","M05","Auth Runtime and Provisioning","owner-module"
"features/auth/server/error-map.ts","M05","Auth Runtime and Provisioning","owner-module"
"features/auth/server/expert-invitation-access.ts","M05","Auth Runtime and Provisioning","owner-module"
"features/auth/server/expert-invitations.ts","M05","Auth Runtime and Provisioning","owner-module"
"features/auth/server/expert-profile.ts","M05","Auth Runtime and Provisioning","owner-module"
"features/auth/server/hrefs.ts","M05","Auth Runtime and Provisioning","owner-module"
"features/auth/server/invitation-access.ts","M05","Auth Runtime and Provisioning","owner-module"
"features/auth/server/policy.ts","M05","Auth Runtime and Provisioning","owner-module"
"features/auth/server/redirect.ts","M05","Auth Runtime and Provisioning","owner-module"
"features/auth/server/roles.ts","M05","Auth Runtime and Provisioning","owner-module"
"features/auth/server/route-guards.ts","M05","Auth Runtime and Provisioning","owner-module"
"features/auth/server/server-auth.ts","M05","Auth Runtime and Provisioning","owner-module"
"features/auth/server/viewer-access.ts","M05","Auth Runtime and Provisioning","owner-module"
"features/auth/ui/account-profile-page-client.tsx","M06","Auth Client UI and Emails","owner-module"
"features/auth/ui/auth-card.tsx","M06","Auth Client UI and Emails","owner-module"
"features/auth/ui/auth-provider.tsx","M06","Auth Client UI and Emails","owner-module"
"features/auth/ui/form-divider.tsx","M06","Auth Client UI and Emails","owner-module"
"features/auth/ui/google-button.tsx","M06","Auth Client UI and Emails","owner-module"
"features/auth/ui/input-field.tsx","M06","Auth Client UI and Emails","owner-module"
"features/auth/ui/loading-overlay.tsx","M06","Auth Client UI and Emails","owner-module"
"features/auth/ui/password-strength.tsx","M06","Auth Client UI and Emails","owner-module"
"features/auth/ui/role-selector.tsx","M06","Auth Client UI and Emails","owner-module"
"features/auth/ui/status-card.tsx","M06","Auth Client UI and Emails","owner-module"
"features/auth/ui/submit-button.tsx","M06","Auth Client UI and Emails","owner-module"
"features/auth/ui/textarea-field.tsx","M06","Auth Client UI and Emails","owner-module"
"features/feedback/server/feedback-service.ts","M10","Feedback and Settings","owner-module"
"features/feedback/ui/feedback-form.tsx","M10","Feedback and Settings","owner-module"
"features/marketing/ui/cta-section.tsx","M08","Marketing Presentation","owner-module"
"features/marketing/ui/faq-section.tsx","M08","Marketing Presentation","owner-module"
"features/marketing/ui/features-section.tsx","M08","Marketing Presentation","owner-module"
"features/marketing/ui/footer-section.tsx","M08","Marketing Presentation","owner-module"
"features/marketing/ui/hero-section.tsx","M08","Marketing Presentation","owner-module"
"features/marketing/ui/insights-section.tsx","M08","Marketing Presentation","owner-module"
"features/marketing/ui/mac-window.tsx","M08","Marketing Presentation","owner-module"
"features/marketing/ui/navbar.tsx","M08","Marketing Presentation","owner-module"
"features/marketing/ui/testimonials-section.tsx","M08","Marketing Presentation","owner-module"
"features/marketing/ui/video-section.tsx","M08","Marketing Presentation","owner-module"
"features/marketing/ui/visual-showcase-section.tsx","M08","Marketing Presentation","owner-module"
"features/marketing/ui/why-convyy-section.tsx","M08","Marketing Presentation","owner-module"
"features/marketing/ui/why-we-win-section.tsx","M08","Marketing Presentation","owner-module"
"features/privacy/public-server.ts","M07","Privacy and Compliance","owner-module"
"features/privacy/server/compliance.ts","M07","Privacy and Compliance","owner-module"
"features/privacy/server/consent-state.ts","M07","Privacy and Compliance","owner-module"
"features/privacy/server/privacy-request-service.ts","M07","Privacy and Compliance","owner-module"
"features/privacy/server/respondent.ts","M07","Privacy and Compliance","owner-module"
"features/privacy/server/sentry.ts","M07","Privacy and Compliance","owner-module"
"features/privacy/server/subprocessors.ts","M07","Privacy and Compliance","owner-module"
"features/privacy/ui/cookie-consent.tsx","M07","Privacy and Compliance","owner-module"
"features/settings/ui/settings-page-client.tsx","M10","Feedback and Settings","owner-module"
"features/surveys/client/api/surveys-api.ts","M18","Survey UI Clients","owner-module"
"features/surveys/client/hooks/use-audio-transcription.ts","M18","Survey UI Clients","owner-module"
"features/surveys/client/hooks/use-survey-creation-draft.ts","M18","Survey UI Clients","owner-module"
"features/surveys/client/hooks/use-voice-websocket.ts","M18","Survey UI Clients","owner-module"
"features/surveys/creator/client/folder-mutations.ts","M18","Survey UI Clients","owner-module"
"features/surveys/creator/ui/folder-ai-chat.tsx","M18","Survey UI Clients","owner-module"
"features/surveys/creator/ui/folder-detail-page-client/index.tsx","M18","Survey UI Clients","owner-module"
"features/surveys/creator/ui/folders-page-client/folder-form-modal.tsx","M18","Survey UI Clients","owner-module"
"features/surveys/creator/ui/folders-page-client/index.tsx","M18","Survey UI Clients","owner-module"
"features/surveys/creator/ui/survey-card.tsx","M18","Survey UI Clients","owner-module"
"features/surveys/email/survey-deleted.tsx","M18","Survey UI Clients","owner-module"
"features/surveys/public-server.ts","M11","Survey Catalog and Access","owner-module"
"features/surveys/realtime/base-voice-agent-handler.ts","M17","Survey Voice Runtime","owner-module"
"features/surveys/realtime/sample-survey-voice.ts","M17","Survey Voice Runtime","owner-module"
"features/surveys/realtime/survey-response-voice.ts","M17","Survey Voice Runtime","owner-module"
"features/surveys/realtime/survey-response-voice-state.ts","M17","Survey Voice Runtime","owner-module"
"features/surveys/realtime/survey-voice-shared.ts","M17","Survey Voice Runtime","owner-module"
"features/surveys/server/analytics/analytics-refresh-scheduler.ts","M16","Survey Analytics Pipeline","owner-module"
"features/surveys/server/analytics/conversation-queries.ts","M16","Survey Analytics Pipeline","owner-module"
"features/surveys/server/analytics/dashboard-analytics.ts","M16","Survey Analytics Pipeline","owner-module"
"features/surveys/server/analytics/dashboard-analytics-translation.ts","M16","Survey Analytics Pipeline","owner-module"
"features/surveys/server/analytics/dashboard-analytics-types.ts","M16","Survey Analytics Pipeline","owner-module"
"features/surveys/server/collaboration-service.ts","M13","Survey Creation Workflow","owner-module"
"features/surveys/server/education/agent-tools.ts","M15","Survey Respondent Runtime","owner-module"
"features/surveys/server/education/analytics-chat-service.ts","M16","Survey Analytics Pipeline","owner-module"
"features/surveys/server/education/analytics-session-service.ts","M16","Survey Analytics Pipeline","owner-module"
"features/surveys/server/education/analytics-snapshot-service.ts","M16","Survey Analytics Pipeline","owner-module"
"features/surveys/server/education/analytics-workflow.ts","M16","Survey Analytics Pipeline","owner-module"
"features/surveys/server/education/brief-media.ts","M12","Survey Research Model and Storage","owner-module"
"features/surveys/server/education/catalog.ts","M12","Survey Research Model and Storage","owner-module"
"features/surveys/server/education/conducting-runtime.ts","M15","Survey Respondent Runtime","owner-module"
"features/surveys/server/education/conducting-runtime/prompt-runtime.ts","M15","Survey Respondent Runtime","owner-module"
"features/surveys/server/education/conducting-runtime/turn-runtime.ts","M15","Survey Respondent Runtime","owner-module"
"features/surveys/server/education/conducting-runtime/turn-runtime-evaluation.ts","M15","Survey Respondent Runtime","owner-module"
"features/surveys/server/education/conducting-runtime/turn-runtime-models.ts","M15","Survey Respondent Runtime","owner-module"
"features/surveys/server/education/conducting-runtime/turn-runtime-normalizers.ts","M15","Survey Respondent Runtime","owner-module"
"features/surveys/server/education/conducting-runtime/turn-runtime-plan-helpers.ts","M15","Survey Respondent Runtime","owner-module"
"features/surveys/server/education/creation-state.ts","M13","Survey Creation Workflow","owner-module"
"features/surveys/server/education/creation-workflow.ts","M13","Survey Creation Workflow","owner-module"
"features/surveys/server/education/creation-workflow/brief-extraction.ts","M13","Survey Creation Workflow","owner-module"
"features/surveys/server/education/creation-workflow/conversation-storage.ts","M13","Survey Creation Workflow","owner-module"
"features/surveys/server/education/prompts/analytics-chat.ts","M16","Survey Analytics Pipeline","owner-module"
"features/surveys/server/education/prompts/conducting-runtime.ts","M15","Survey Respondent Runtime","owner-module"
"features/surveys/server/education/prompts/creation-workflow.ts","M13","Survey Creation Workflow","owner-module"
"features/surveys/server/education/prompts/refinement-assistant.ts","M14","Survey Sample and Refinement Workflow","owner-module"
"features/surveys/server/education/refinement.ts","M14","Survey Sample and Refinement Workflow","owner-module"
"features/surveys/server/education/refinement-schemas.ts","M14","Survey Sample and Refinement Workflow","owner-module"
"features/surveys/server/education/runtime-context.ts","M12","Survey Research Model and Storage","owner-module"
"features/surveys/server/education/sample-feedback.ts","M14","Survey Sample and Refinement Workflow","owner-module"
"features/surveys/server/education/sample-feedback-workflow.ts","M14","Survey Sample and Refinement Workflow","owner-module"
"features/surveys/server/education/storage/analytics-storage.ts","M12","Survey Research Model and Storage","owner-module"
"features/surveys/server/education/storage/brief-storage.ts","M12","Survey Research Model and Storage","owner-module"
"features/surveys/server/education/storage/feedback-storage.ts","M12","Survey Research Model and Storage","owner-module"
"features/surveys/server/education/storage/index.ts","M12","Survey Research Model and Storage","owner-module"
"features/surveys/server/education/storage/refinement-storage.ts","M12","Survey Research Model and Storage","owner-module"
"features/surveys/server/education/storage/session-storage.ts","M12","Survey Research Model and Storage","owner-module"
"features/surveys/server/education/survey-create-orchestrator.ts","M13","Survey Creation Workflow","owner-module"
"features/surveys/server/education/types/index.ts","M12","Survey Research Model and Storage","owner-module"
"features/surveys/server/message-normalizer.ts","M15","Survey Respondent Runtime","owner-module"
"features/surveys/server/public-survey-access.ts","M11","Survey Catalog and Access","owner-module"
"features/surveys/server/respondent-conversation.ts","M15","Survey Respondent Runtime","owner-module"
"features/surveys/server/respondent-greetings.ts","M15","Survey Respondent Runtime","owner-module"
"features/surveys/server/respondent-runtime-service.ts","M15","Survey Respondent Runtime","owner-module"
"features/surveys/server/respondent-session-service.ts","M15","Survey Respondent Runtime","owner-module"
"features/surveys/server/survey-access.ts","M11","Survey Catalog and Access","owner-module"
"features/surveys/server/surveys-route-service.ts","M11","Survey Catalog and Access","owner-module"
"features/surveys/server/translation-service.ts","M11","Survey Catalog and Access","owner-module"
"features/surveys/server/use-cases/get-sample-conversation-state.ts","M14","Survey Sample and Refinement Workflow","owner-module"
"features/surveys/server/use-cases/get-survey-analytics.ts","M16","Survey Analytics Pipeline","owner-module"
"features/surveys/server/use-cases/get-survey-creation-state.ts","M13","Survey Creation Workflow","owner-module"
"features/surveys/server/use-cases/get-survey-details.ts","M11","Survey Catalog and Access","owner-module"
"features/surveys/server/use-cases/get-survey-response-detail.ts","M11","Survey Catalog and Access","owner-module"
"features/surveys/server/use-cases/sample-finish-tool.ts","M14","Survey Sample and Refinement Workflow","owner-module"
"features/surveys/server/use-cases/submit-sample-turn.ts","M14","Survey Sample and Refinement Workflow","owner-module"
"features/surveys/server/validation/survey-schemas.ts","M11","Survey Catalog and Access","owner-module"
"features/surveys/tests/conducting-runtime-regression.test.ts","M15","Survey Respondent Runtime","deferred-tests-scripts"
"features/surveys/tests/respondent-runtime-normalization.test.ts","M15","Survey Respondent Runtime","deferred-tests-scripts"
"features/surveys/tests/survey-creation-controller.test.ts","M13","Survey Creation Workflow","deferred-tests-scripts"
"features/surveys/tests/survey-response-voice-state.test.ts","M17","Survey Voice Runtime","deferred-tests-scripts"
"features/surveys/ui/analytics/analytics-dashboard.tsx","M18","Survey UI Clients","owner-module"
"features/surveys/ui/analytics/chat-with-data.tsx","M18","Survey UI Clients","owner-module"
"features/surveys/ui/analytics/conversation-card.tsx","M18","Survey UI Clients","owner-module"
"features/surveys/ui/analytics/generative-analytics.tsx","M18","Survey UI Clients","owner-module"
"features/surveys/ui/analytics/narrative-report.tsx","M18","Survey UI Clients","owner-module"
"features/surveys/ui/create-survey-page-client/auth-required-state.tsx","M18","Survey UI Clients","owner-module"
"features/surveys/ui/create-survey-page-client/creation-entry-screen.tsx","M18","Survey UI Clients","owner-module"
"features/surveys/ui/create-survey-page-client/creation-page-chrome.tsx","M18","Survey UI Clients","owner-module"
"features/surveys/ui/create-survey-page-client/creation-session-state.ts","M18","Survey UI Clients","owner-module"
"features/surveys/ui/create-survey-page-client/creation-workspace.tsx","M18","Survey UI Clients","owner-module"
"features/surveys/ui/create-survey-page-client/index.tsx","M18","Survey UI Clients","owner-module"
"features/surveys/ui/creator-chat-section.tsx","M18","Survey UI Clients","owner-module"
"features/surveys/ui/creator-settings-panel.tsx","M18","Survey UI Clients","owner-module"
"features/surveys/ui/media-display.tsx","M18","Survey UI Clients","owner-module"
"features/surveys/ui/publish-survey-modal.tsx","M18","Survey UI Clients","owner-module"
"features/surveys/ui/refinement-assistant-panel.tsx","M18","Survey UI Clients","owner-module"
"features/surveys/ui/response-detail-page-client.tsx","M18","Survey UI Clients","owner-module"
"features/surveys/ui/sample-review-page-client/index.tsx","M18","Survey UI Clients","owner-module"
"features/surveys/ui/sample-review-page-client/sample-publish-modal.tsx","M18","Survey UI Clients","owner-module"
"features/surveys/ui/sample-review-page-client/sample-review-message-list.tsx","M18","Survey UI Clients","owner-module"
"features/surveys/ui/sample-review-page-client/sample-review-message-utils.tsx","M18","Survey UI Clients","owner-module"
"features/surveys/ui/survey-detail-page-client/access-required-state.tsx","M18","Survey UI Clients","owner-module"
"features/surveys/ui/survey-detail-page-client/delete-survey-modal.tsx","M18","Survey UI Clients","owner-module"
"features/surveys/ui/survey-detail-page-client/index.tsx","M18","Survey UI Clients","owner-module"
"features/surveys/ui/survey-detail-page-client/overview-tab.tsx","M18","Survey UI Clients","owner-module"
"features/surveys/ui/survey-detail-page-client/raw-response-card.tsx","M18","Survey UI Clients","owner-module"
"features/surveys/ui/survey-detail-page-client/responses-tab.tsx","M18","Survey UI Clients","owner-module"
"features/surveys/ui/survey-detail-page-client/settings-tab.tsx","M18","Survey UI Clients","owner-module"
"features/surveys/ui/surveys-page-client/index.tsx","M18","Survey UI Clients","owner-module"
"features/surveys/ui/survey-start-overlay.tsx","M18","Survey UI Clients","owner-module"
"features/surveys/voice/deepgram-voice-agent.ts","M17","Survey Voice Runtime","owner-module"
"features/surveys/voice/deepgram-voice-agent-settings.ts","M17","Survey Voice Runtime","owner-module"
"features/surveys/voice/provider-config.ts","M17","Survey Voice Runtime","owner-module"
"features/surveys/voice/speech-to-text-provider.ts","M17","Survey Voice Runtime","owner-module"
"features/surveys/voice/voice-agent-provider.ts","M17","Survey Voice Runtime","owner-module"
"features/surveys/voice/voice-locales.ts","M17","Survey Voice Runtime","owner-module"
"features/surveys/workers/survey-analytics.worker.ts","M16","Survey Analytics Pipeline","owner-module"
"features/tutoring/client/api/workspace-api/core.ts","M27","Tutoring UI Clients","owner-module"
"features/tutoring/client/api/workspace-api/index.ts","M27","Tutoring UI Clients","owner-module"
"features/tutoring/client/api/workspace-api/schemas.ts","M27","Tutoring UI Clients","owner-module"
"features/tutoring/client/api/workspace-api/student-api.ts","M27","Tutoring UI Clients","owner-module"
"features/tutoring/client/api/workspace-api/teacher-api.ts","M27","Tutoring UI Clients","owner-module"
"features/tutoring/client/hooks/use-student-classes-workspace.ts","M27","Tutoring UI Clients","owner-module"
"features/tutoring/client/hooks/use-student-tutoring-workspace.ts","M27","Tutoring UI Clients","owner-module"
"features/tutoring/client/hooks/use-teacher-teaching-workspace.ts","M27","Tutoring UI Clients","owner-module"
"features/tutoring/email/student-invitation.tsx","M27","Tutoring UI Clients","owner-module"
"features/tutoring/expert/ui/expert-crystallization-inbox.tsx","M22","Expert Framework Governance","owner-module"
"features/tutoring/expert/ui/expert-framework-courses.tsx","M22","Expert Framework Governance","owner-module"
"features/tutoring/expert/ui/expert-frameworks-hub.tsx","M22","Expert Framework Governance","owner-module"
"features/tutoring/expert/ui/expert-framework-studio-picker.tsx","M22","Expert Framework Governance","owner-module"
"features/tutoring/expert/ui/expert-framework-subnav.tsx","M22","Expert Framework Governance","owner-module"
"features/tutoring/expert/ui/expert-framework-version-studio.tsx","M22","Expert Framework Governance","owner-module"
"features/tutoring/expert/ui/expert-invite-actions.tsx","M22","Expert Framework Governance","owner-module"
"features/tutoring/expert/ui/expert-qa-review.tsx","M22","Expert Framework Governance","owner-module"
"features/tutoring/expert/ui/expert-qa-review-sections.tsx","M22","Expert Framework Governance","owner-module"
"features/tutoring/expert/ui/expert-sidebar.tsx","M22","Expert Framework Governance","owner-module"
"features/tutoring/expert/ui/framework-editor-wizard.tsx","M22","Expert Framework Governance","owner-module"
"features/tutoring/public-client.ts","M27","Tutoring UI Clients","owner-module"
"features/tutoring/public-server.ts","M23","Tutoring Session Runtime","owner-module"
"features/tutoring/scripts/cleanup-failed-lesson-materials.ts","M21","Lesson Material Ingestion and Grounding","deferred-tests-scripts"
"features/tutoring/scripts/inspect-expert-frameworks.ts","M22","Expert Framework Governance","deferred-tests-scripts"
"features/tutoring/scripts/prune-lesson-material-upload-attempts.ts","M21","Lesson Material Ingestion and Grounding","deferred-tests-scripts"
"features/tutoring/scripts/reset-auto-published-frameworks.ts","M22","Expert Framework Governance","deferred-tests-scripts"
"features/tutoring/server/access.ts","M19","Classroom and Roster Management","owner-module"
"features/tutoring/server/actions/action-access.ts","M19","Classroom and Roster Management","owner-module"
"features/tutoring/server/actions/classroom-actions.ts","M19","Classroom and Roster Management","owner-module"
"features/tutoring/server/actions/intervention-actions.ts","M19","Classroom and Roster Management","owner-module"
"features/tutoring/server/actions/lesson-actions.ts","M20","Lesson Authoring and Readiness","owner-module"
"features/tutoring/server/actions/student-actions.ts","M19","Classroom and Roster Management","owner-module"
"features/tutoring/server/actions/tutoring-actions.ts","M23","Tutoring Session Runtime","owner-module"
"features/tutoring/server/agent-tools.ts","M26","Tutoring Media Retrieval and Generative Cards","owner-module"
"features/tutoring/server/api/classroom-lessons-route.ts","M19","Classroom and Roster Management","owner-module"
"features/tutoring/server/api/lesson-activation-state-route.ts","M20","Lesson Authoring and Readiness","owner-module"
"features/tutoring/server/api/lesson-materials-route.ts","M21","Lesson Material Ingestion and Grounding","owner-module"
"features/tutoring/server/api/lesson-material-upload-attempts-route.ts","M21","Lesson Material Ingestion and Grounding","owner-module"
"features/tutoring/server/api/lesson-material-upload-response.ts","M21","Lesson Material Ingestion and Grounding","owner-module"
"features/tutoring/server/api/lesson-questions-route.ts","M24","Tutoring Reporting and Evidence","owner-module"
"features/tutoring/server/api/lesson-readiness-route.ts","M20","Lesson Authoring and Readiness","owner-module"
"features/tutoring/server/api/lesson-reports-route.ts","M24","Tutoring Reporting and Evidence","owner-module"
"features/tutoring/server/api/lesson-tutoring-session-route.ts","M23","Tutoring Session Runtime","owner-module"
"features/tutoring/server/api/retry-lesson-material-upload-route.ts","M21","Lesson Material Ingestion and Grounding","owner-module"
"features/tutoring/server/classroom-access.ts","M19","Classroom and Roster Management","owner-module"
"features/tutoring/server/classroom-service.ts","M19","Classroom and Roster Management","owner-module"
"features/tutoring/server/context-engineering.ts","M23","Tutoring Session Runtime","owner-module"
"features/tutoring/server/course-service.ts","M19","Classroom and Roster Management","owner-module"
"features/tutoring/server/evidence/evidence-domain.ts","M24","Tutoring Reporting and Evidence","owner-module"
"features/tutoring/server/evidence/hydration.ts","M24","Tutoring Reporting and Evidence","owner-module"
"features/tutoring/server/evidence/index.ts","M24","Tutoring Reporting and Evidence","owner-module"
"features/tutoring/server/evidence/indexing.ts","M24","Tutoring Reporting and Evidence","owner-module"
"features/tutoring/server/evidence/retrieval.ts","M24","Tutoring Reporting and Evidence","owner-module"
"features/tutoring/server/evidence/teacher-evidence-answer.ts","M24","Tutoring Reporting and Evidence","owner-module"
"features/tutoring/server/expert-access.ts","M22","Expert Framework Governance","owner-module"
"features/tutoring/server/expert-framework-schemas.ts","M22","Expert Framework Governance","owner-module"
"features/tutoring/server/expert-framework-summaries.ts","M22","Expert Framework Governance","owner-module"
"features/tutoring/server/expert-review-storage.ts","M22","Expert Framework Governance","owner-module"
"features/tutoring/server/expert-route-guard.ts","M22","Expert Framework Governance","owner-module"
"features/tutoring/server/framework-records.ts","M22","Expert Framework Governance","owner-module"
"features/tutoring/server/framework-runtime-storage.ts","M22","Expert Framework Governance","owner-module"
"features/tutoring/server/grade-band-normalization.ts","M20","Lesson Authoring and Readiness","owner-module"
"features/tutoring/server/grounding-units.ts","M21","Lesson Material Ingestion and Grounding","owner-module"
"features/tutoring/server/intervention-service.ts","M19","Classroom and Roster Management","owner-module"
"features/tutoring/server/lesson-foundation-schemas.ts","M20","Lesson Authoring and Readiness","owner-module"
"features/tutoring/server/lesson-grounding-pack-render.ts","M21","Lesson Material Ingestion and Grounding","owner-module"
"features/tutoring/server/lesson-grounding-pack-service/content-scope.ts","M21","Lesson Material Ingestion and Grounding","owner-module"
"features/tutoring/server/lesson-grounding-pack-service/core.ts","M21","Lesson Material Ingestion and Grounding","owner-module"
"features/tutoring/server/lesson-grounding-pack-service/index.ts","M21","Lesson Material Ingestion and Grounding","owner-module"
"features/tutoring/server/lesson-grounding-pack-service/rebuild-pack.ts","M21","Lesson Material Ingestion and Grounding","owner-module"
"features/tutoring/server/lesson-service.ts","M20","Lesson Authoring and Readiness","owner-module"
"features/tutoring/server/materials/analyze.ts","M21","Lesson Material Ingestion and Grounding","owner-module"
"features/tutoring/server/materials/coverage-review.ts","M21","Lesson Material Ingestion and Grounding","owner-module"
"features/tutoring/server/materials/docx-text.ts","M21","Lesson Material Ingestion and Grounding","owner-module"
"features/tutoring/server/materials/extraction.ts","M21","Lesson Material Ingestion and Grounding","owner-module"
"features/tutoring/server/materials/grounding-map.ts","M21","Lesson Material Ingestion and Grounding","owner-module"
"features/tutoring/server/materials/grounding-map-synthesis.ts","M21","Lesson Material Ingestion and Grounding","owner-module"
"features/tutoring/server/materials/index.ts","M21","Lesson Material Ingestion and Grounding","owner-module"
"features/tutoring/server/materials/material-analysis-runtime.ts","M21","Lesson Material Ingestion and Grounding","owner-module"
"features/tutoring/server/materials/segment-grounding.ts","M21","Lesson Material Ingestion and Grounding","owner-module"
"features/tutoring/server/materials/text-processing.ts","M21","Lesson Material Ingestion and Grounding","owner-module"
"features/tutoring/server/materials-route-service/index.ts","M21","Lesson Material Ingestion and Grounding","owner-module"
"features/tutoring/server/materials-route-service/material-batch-finalizer.ts","M21","Lesson Material Ingestion and Grounding","owner-module"
"features/tutoring/server/materials-route-service/material-batch-gates.ts","M21","Lesson Material Ingestion and Grounding","owner-module"
"features/tutoring/server/materials-route-service/material-indexing.ts","M21","Lesson Material Ingestion and Grounding","owner-module"
"features/tutoring/server/materials-route-service/material-processing-artifacts.ts","M21","Lesson Material Ingestion and Grounding","owner-module"
"features/tutoring/server/materials-route-service/material-upload-attempt-processor.ts","M21","Lesson Material Ingestion and Grounding","owner-module"
"features/tutoring/server/materials-route-service/material-upload-attempt-state.ts","M21","Lesson Material Ingestion and Grounding","owner-module"
"features/tutoring/server/materials-route-service/material-upload-attempt-store.ts","M21","Lesson Material Ingestion and Grounding","owner-module"
"features/tutoring/server/media.ts","M26","Tutoring Media Retrieval and Generative Cards","owner-module"
"features/tutoring/server/media-retrieval/index.ts","M26","Tutoring Media Retrieval and Generative Cards","owner-module"
"features/tutoring/server/media-retrieval/media-failure-result.ts","M26","Tutoring Media Retrieval and Generative Cards","owner-module"
"features/tutoring/server/media-retrieval/media-retrieval-contract.ts","M26","Tutoring Media Retrieval and Generative Cards","owner-module"
"features/tutoring/server/media-retrieval/pipelines.ts","M26","Tutoring Media Retrieval and Generative Cards","owner-module"
"features/tutoring/server/media-retrieval/provider-search.ts","M26","Tutoring Media Retrieval and Generative Cards","owner-module"
"features/tutoring/server/media-retrieval/reranking.ts","M26","Tutoring Media Retrieval and Generative Cards","owner-module"
"features/tutoring/server/media-retrieval/test-hooks.ts","M26","Tutoring Media Retrieval and Generative Cards","owner-module"
"features/tutoring/server/mem0.ts","M25","Student Onboarding and Pattern Memory","owner-module"
"features/tutoring/server/onboarding.ts","M25","Student Onboarding and Pattern Memory","owner-module"
"features/tutoring/server/onboarding-route-service.ts","M25","Student Onboarding and Pattern Memory","owner-module"
"features/tutoring/server/out-of-session.ts","M23","Tutoring Session Runtime","owner-module"
"features/tutoring/server/pattern-memory-service/index.ts","M25","Student Onboarding and Pattern Memory","owner-module"
"features/tutoring/server/pattern-memory-service/model.ts","M25","Student Onboarding and Pattern Memory","owner-module"
"features/tutoring/server/pattern-memory-service/persistence.ts","M25","Student Onboarding and Pattern Memory","owner-module"
"features/tutoring/server/pattern-memory-service/playbook.ts","M25","Student Onboarding and Pattern Memory","owner-module"
"features/tutoring/server/pattern-memory-service/summarize.ts","M25","Student Onboarding and Pattern Memory","owner-module"
"features/tutoring/server/patterns/index.ts","M25","Student Onboarding and Pattern Memory","owner-module"
"features/tutoring/server/patterns/pattern-analysis.ts","M25","Student Onboarding and Pattern Memory","owner-module"
"features/tutoring/server/patterns/pattern-profile-utils.ts","M25","Student Onboarding and Pattern Memory","owner-module"
"features/tutoring/server/patterns/teaching-playbook.ts","M25","Student Onboarding and Pattern Memory","owner-module"
"features/tutoring/server/pattern-types.ts","M25","Student Onboarding and Pattern Memory","owner-module"
"features/tutoring/server/prompts/conflict-detection.ts","M22","Expert Framework Governance","owner-module"
"features/tutoring/server/prompts/crystallization.ts","M22","Expert Framework Governance","owner-module"
"features/tutoring/server/prompts/evidence.ts","M24","Tutoring Reporting and Evidence","owner-module"
"features/tutoring/server/prompts/expert-review.ts","M22","Expert Framework Governance","owner-module"
"features/tutoring/server/prompts/lesson-grounding-pack.ts","M21","Lesson Material Ingestion and Grounding","owner-module"
"features/tutoring/server/prompts/materials.ts","M23","Tutoring Session Runtime","owner-module"
"features/tutoring/server/prompts/out-of-session.ts","M23","Tutoring Session Runtime","owner-module"
"features/tutoring/server/prompts/reporting.ts","M24","Tutoring Reporting and Evidence","owner-module"
"features/tutoring/server/prompts/session-engine.ts","M23","Tutoring Session Runtime","owner-module"
"features/tutoring/server/prompts/student-pattern-analysis.ts","M25","Student Onboarding and Pattern Memory","owner-module"
"features/tutoring/server/prompts/student-turn.ts","M23","Tutoring Session Runtime","owner-module"
"features/tutoring/server/prompt-serializers.ts","M23","Tutoring Session Runtime","owner-module"
"features/tutoring/server/quiz-image-guidance.ts","M26","Tutoring Media Retrieval and Generative Cards","owner-module"
"features/tutoring/server/readiness.ts","M20","Lesson Authoring and Readiness","owner-module"
"features/tutoring/server/reporting.ts","M24","Tutoring Reporting and Evidence","owner-module"
"features/tutoring/server/route-errors.ts","M23","Tutoring Session Runtime","owner-module"
"features/tutoring/server/session-engine.ts","M23","Tutoring Session Runtime","owner-module"
"features/tutoring/server/student-profile-storage.ts","M25","Student Onboarding and Pattern Memory","owner-module"
"features/tutoring/server/student-service/index.ts","M19","Classroom and Roster Management","owner-module"
"features/tutoring/server/student-service/invitation-model.ts","M19","Classroom and Roster Management","owner-module"
"features/tutoring/server/student-service/invitation-state.ts","M19","Classroom and Roster Management","owner-module"
"features/tutoring/server/student-service/invitation-workflows.ts","M19","Classroom and Roster Management","owner-module"
"features/tutoring/server/student-service/validation.ts","M19","Classroom and Roster Management","owner-module"
"features/tutoring/server/student-session-schemas.ts","M23","Tutoring Session Runtime","owner-module"
"features/tutoring/server/student-session-state-errors.ts","M23","Tutoring Session Runtime","owner-module"
"features/tutoring/server/student-session-storage.ts","M23","Tutoring Session Runtime","owner-module"
"features/tutoring/server/subject-packages.ts","M23","Tutoring Session Runtime","owner-module"
"features/tutoring/server/teacher-route-access.ts","M19","Classroom and Roster Management","owner-module"
"features/tutoring/server/tutor.ts","M23","Tutoring Session Runtime","owner-module"
"features/tutoring/server/tutor-capabilities.ts","M23","Tutoring Session Runtime","owner-module"
"features/tutoring/server/tutoring-chat-route-service.ts","M23","Tutoring Session Runtime","owner-module"
"features/tutoring/server/tutoring-debug.ts","M23","Tutoring Session Runtime","owner-module"
"features/tutoring/server/tutoring-route-orchestrator.ts","M23","Tutoring Session Runtime","owner-module"
"features/tutoring/server/tutoring-session-lifecycle.ts","M23","Tutoring Session Runtime","owner-module"
"features/tutoring/server/tutoring-turn-finalization.ts","M23","Tutoring Session Runtime","owner-module"
"features/tutoring/server/tutoring-turn-logging.ts","M23","Tutoring Session Runtime","owner-module"
"features/tutoring/server/tutoring-turn-preparation.ts","M23","Tutoring Session Runtime","owner-module"
"features/tutoring/server/tutoring-turn-types.ts","M23","Tutoring Session Runtime","owner-module"
"features/tutoring/server/tutor-response-format.ts","M23","Tutoring Session Runtime","owner-module"
"features/tutoring/server/tutor-runtime-service.ts","M23","Tutoring Session Runtime","owner-module"
"features/tutoring/tests/learning-agent-tools.test.ts","M26","Tutoring Media Retrieval and Generative Cards","deferred-tests-scripts"
"features/tutoring/tests/learning-framework-schema.test.ts","M22","Expert Framework Governance","deferred-tests-scripts"
"features/tutoring/tests/learning-prompt-runtime.test.ts","M23","Tutoring Session Runtime","deferred-tests-scripts"
"features/tutoring/tests/live-session-message-normalization.test.ts","M27","Tutoring UI Clients","deferred-tests-scripts"
"features/tutoring/tests/quiz-image-guidance.test.ts","M26","Tutoring Media Retrieval and Generative Cards","deferred-tests-scripts"
"features/tutoring/ui/create-classroom-modal.tsx","M27","Tutoring UI Clients","owner-module"
"features/tutoring/ui/create-lesson-modal.tsx","M27","Tutoring UI Clients","owner-module"
"features/tutoring/ui/generative/grade-card.tsx","M26","Tutoring Media Retrieval and Generative Cards","owner-module"
"features/tutoring/ui/generative/quiz-card.tsx","M26","Tutoring Media Retrieval and Generative Cards","owner-module"
"features/tutoring/ui/invite-student-modal.tsx","M27","Tutoring UI Clients","owner-module"
"features/tutoring/ui/lesson-editor-helpers.ts","M27","Tutoring UI Clients","owner-module"
"features/tutoring/ui/lesson-setup-page/details-section.tsx","M27","Tutoring UI Clients","owner-module"
"features/tutoring/ui/lesson-setup-page/index.tsx","M27","Tutoring UI Clients","owner-module"
"features/tutoring/ui/lesson-setup-page/lesson-setup-page-model.ts","M27","Tutoring UI Clients","owner-module"
"features/tutoring/ui/lesson-setup-page/materials-section.tsx","M27","Tutoring UI Clients","owner-module"
"features/tutoring/ui/lesson-setup-page/outcomes-section.tsx","M27","Tutoring UI Clients","owner-module"
"features/tutoring/ui/lesson-setup-page/scope-section.tsx","M27","Tutoring UI Clients","owner-module"
"features/tutoring/ui/log-intervention-modal.tsx","M27","Tutoring UI Clients","owner-module"
"features/tutoring/ui/metric-tile.tsx","M27","Tutoring UI Clients","owner-module"
"features/tutoring/ui/section-heading.tsx","M27","Tutoring UI Clients","owner-module"
"features/tutoring/ui/student-classes-home.tsx","M27","Tutoring UI Clients","owner-module"
"features/tutoring/ui/student-course-card.tsx","M27","Tutoring UI Clients","owner-module"
"features/tutoring/ui/student-invitation-card.tsx","M27","Tutoring UI Clients","owner-module"
"features/tutoring/ui/student-onboarding-client.tsx","M27","Tutoring UI Clients","owner-module"
"features/tutoring/ui/student-profile-page.tsx","M27","Tutoring UI Clients","owner-module"
"features/tutoring/ui/teacher-lesson-workspace/index.tsx","M27","Tutoring UI Clients","owner-module"
"features/tutoring/ui/teacher-lesson-workspace/overview-panel.tsx","M27","Tutoring UI Clients","owner-module"
"features/tutoring/ui/teacher-lesson-workspace/reports-panel.tsx","M27","Tutoring UI Clients","owner-module"
"features/tutoring/ui/teacher-lesson-workspace/students-panel.tsx","M27","Tutoring UI Clients","owner-module"
"features/tutoring/ui/teacher-lesson-workspace/workspace-model.ts","M27","Tutoring UI Clients","owner-module"
"features/tutoring/ui/teacher-reports-page.tsx","M27","Tutoring UI Clients","owner-module"
"features/tutoring/ui/teacher-student-chat.tsx","M27","Tutoring UI Clients","owner-module"
"features/tutoring/ui/teacher-student-detail-page.tsx","M27","Tutoring UI Clients","owner-module"
"features/tutoring/ui/teacher-student-report-detail-page.tsx","M27","Tutoring UI Clients","owner-module"
"features/tutoring/ui/teacher-teaching-home.tsx","M27","Tutoring UI Clients","owner-module"
"features/tutoring/ui/teacher-teaching-home-sections.tsx","M27","Tutoring UI Clients","owner-module"
"features/tutoring/ui/workspace-hub.tsx","M27","Tutoring UI Clients","owner-module"
"features/tutoring/workers/lesson-material.worker.ts","M21","Lesson Material Ingestion and Grounding","owner-module"
"features/tutoring/workers/lesson-material-batch.worker.ts","M21","Lesson Material Ingestion and Grounding","owner-module"
"features/tutoring/workers/tutoring-report.worker.ts","M24","Tutoring Reporting and Evidence","owner-module"
"i18n/request.ts","M01","App Shell and Locale Routing","adapter/composition"
"i18n/routing.ts","M01","App Shell and Locale Routing","adapter/composition"
"shared/ai/braintrust.ts","M28","Shared AI Runtime","shared-contract"
"shared/ai/constants.ts","M28","Shared AI Runtime","shared-contract"
"shared/ai/core/context.ts","M28","Shared AI Runtime","shared-contract"
"shared/ai/core/index.ts","M28","Shared AI Runtime","shared-contract"
"shared/ai/core/prompt-context-types.ts","M28","Shared AI Runtime","shared-contract"
"shared/ai/core/prompt-execution.ts","M28","Shared AI Runtime","shared-contract"
"shared/ai/core/registries.ts","M28","Shared AI Runtime","shared-contract"
"shared/ai/core/retrieval.ts","M28","Shared AI Runtime","shared-contract"
"shared/ai/few-shot-library.ts","M28","Shared AI Runtime","shared-contract"
"shared/ai/guidance.ts","M28","Shared AI Runtime","shared-contract"
"shared/ai/index.ts","M28","Shared AI Runtime","shared-contract"
"shared/ai/json-object-parser.ts","M28","Shared AI Runtime","shared-contract"
"shared/ai/language-models.ts","M28","Shared AI Runtime","shared-contract"
"shared/ai/model-generation.ts","M28","Shared AI Runtime","shared-contract"
"shared/ai/models.ts","M28","Shared AI Runtime","shared-contract"
"shared/ai/observed-text.ts","M28","Shared AI Runtime","shared-contract"
"shared/ai/prompt-caching.ts","M28","Shared AI Runtime","shared-contract"
"shared/ai/prompt-specs.ts","M28","Shared AI Runtime","shared-contract"
"shared/ai/response-extraction.ts","M28","Shared AI Runtime","shared-contract"
"shared/ai/retrieval-adapters.ts","M28","Shared AI Runtime","shared-contract"
"shared/ai/sanitization.ts","M28","Shared AI Runtime","shared-contract"
"shared/ai/scope-policy.ts","M28","Shared AI Runtime","shared-contract"
"shared/ai/token-budget.ts","M28","Shared AI Runtime","shared-contract"
"shared/auth/constants.ts","M38","Shared Config Security and Constants","shared-contract"
"shared/billing/constants.ts","M38","Shared Config Security and Constants","shared-contract"
"shared/billing/logger.ts","M38","Shared Config Security and Constants","shared-contract"
"shared/chat/chat-message-text.ts","M36","Shared Chat Contracts","shared-contract"
"shared/chat/chat-types.ts","M36","Shared Chat Contracts","shared-contract"
"shared/chat/chat-ui-messages.ts","M36","Shared Chat Contracts","shared-contract"
"shared/chat/chat-ui-signals.ts","M36","Shared Chat Contracts","shared-contract"
"shared/config/app-config.ts","M38","Shared Config Security and Constants","shared-contract"
"shared/config/client-env.ts","M38","Shared Config Security and Constants","shared-contract"
"shared/config/server-env.ts","M38","Shared Config Security and Constants","shared-contract"
"shared/db/connection-mode.ts","M30","Shared DB Schema and Connection","shared-contract"
"shared/db/index.ts","M30","Shared DB Schema and Connection","shared-contract"
"shared/db/postgres-client.ts","M30","Shared DB Schema and Connection","shared-contract"
"shared/db/schema.ts","M30","Shared DB Schema and Connection","shared-contract"
"shared/db/schema/ai.ts","M30","Shared DB Schema and Connection","shared-contract"
"shared/db/schema/auth.ts","M30","Shared DB Schema and Connection","shared-contract"
"shared/db/schema/billing.ts","M30","Shared DB Schema and Connection","shared-contract"
"shared/db/schema/collaboration.ts","M30","Shared DB Schema and Connection","shared-contract"
"shared/db/schema/common.ts","M30","Shared DB Schema and Connection","shared-contract"
"shared/db/schema/enums.ts","M30","Shared DB Schema and Connection","shared-contract"
"shared/db/schema/feedback.ts","M30","Shared DB Schema and Connection","shared-contract"
"shared/db/schema/folders.ts","M30","Shared DB Schema and Connection","shared-contract"
"shared/db/schema/notifications.ts","M30","Shared DB Schema and Connection","shared-contract"
"shared/db/schema/privacy.ts","M30","Shared DB Schema and Connection","shared-contract"
"shared/db/schema/relations.ts","M30","Shared DB Schema and Connection","shared-contract"
"shared/db/schema/surveys.ts","M30","Shared DB Schema and Connection","shared-contract"
"shared/db/schema/tutoring.ts","M30","Shared DB Schema and Connection","shared-contract"
"shared/db/schema/vectors.ts","M30","Shared DB Schema and Connection","shared-contract"
"shared/db/schema/voice.ts","M30","Shared DB Schema and Connection","shared-contract"
"shared/db/transient-database-errors.ts","M30","Shared DB Schema and Connection","shared-contract"
"shared/email/email-service.ts","M35","Shared Email Dispatch","shared-contract"
"shared/email/templates/base-layout.tsx","M35","Shared Email Dispatch","shared-contract"
"shared/feedback/constants.ts","M38","Shared Config Security and Constants","shared-contract"
"shared/http/action-result.ts","M34","Shared HTTP Contracts and Page Data","shared-contract"
"shared/http/api-error.ts","M34","Shared HTTP Contracts and Page Data","shared-contract"
"shared/http/friendly-action-error.ts","M34","Shared HTTP Contracts and Page Data","shared-contract"
"shared/http/json.ts","M34","Shared HTTP Contracts and Page Data","shared-contract"
"shared/http/page-data.ts","M34","Shared HTTP Contracts and Page Data","shared-contract"
"shared/http/page-data/page-data-context.ts","M34","Shared HTTP Contracts and Page Data","shared-contract"
"shared/http/page-data/student-workspace-page-data.ts","M34","Shared HTTP Contracts and Page Data","shared-contract"
"shared/http/page-data/survey-analytics-page-data.ts","M34","Shared HTTP Contracts and Page Data","shared-contract"
"shared/http/page-data/survey-creation-page-data.ts","M34","Shared HTTP Contracts and Page Data","shared-contract"
"shared/http/page-data/survey-details-page-data.ts","M34","Shared HTTP Contracts and Page Data","shared-contract"
"shared/http/page-data/survey-response-page-data.ts","M34","Shared HTTP Contracts and Page Data","shared-contract"
"shared/http/page-data/teacher-classroom-page-data.ts","M34","Shared HTTP Contracts and Page Data","shared-contract"
"shared/http/page-data/teacher-lesson-page-data.ts","M34","Shared HTTP Contracts and Page Data","shared-contract"
"shared/http/page-data/teacher-student-page-data.ts","M34","Shared HTTP Contracts and Page Data","shared-contract"
"shared/http/page-data/workspace-shell-page-data.ts","M34","Shared HTTP Contracts and Page Data","shared-contract"
"shared/http/query-keys.ts","M34","Shared HTTP Contracts and Page Data","shared-contract"
"shared/http/route-auth-error.ts","M34","Shared HTTP Contracts and Page Data","shared-contract"
"shared/i18n/accept-language.ts","M33","Shared I18n and Translation","shared-contract"
"shared/i18n/ai-cache.ts","M33","Shared I18n and Translation","shared-contract"
"shared/i18n/ai-translator.ts","M33","Shared I18n and Translation","shared-contract"
"shared/i18n/config.ts","M33","Shared I18n and Translation","shared-contract"
"shared/i18n/dynamic-translations.ts","M33","Shared I18n and Translation","shared-contract"
"shared/i18n/resolve-locale.ts","M33","Shared I18n and Translation","shared-contract"
"shared/i18n/translation-prompts.ts","M33","Shared I18n and Translation","shared-contract"
"shared/infra/cache.ts","M31","Shared Infra Queues Storage and Workers","shared-contract"
"shared/infra/logger.ts","M31","Shared Infra Queues Storage and Workers","shared-contract"
"shared/infra/queue/index.ts","M31","Shared Infra Queues Storage and Workers","shared-contract"
"shared/infra/queue/job-data.ts","M31","Shared Infra Queues Storage and Workers","shared-contract"
"shared/infra/queue/queue-dispatch.ts","M31","Shared Infra Queues Storage and Workers","shared-contract"
"shared/infra/queue/queue-registry.ts","M31","Shared Infra Queues Storage and Workers","shared-contract"
"shared/infra/realtime.ts","M31","Shared Infra Queues Storage and Workers","shared-contract"
"shared/infra/redis.ts","M31","Shared Infra Queues Storage and Workers","shared-contract"
"shared/infra/supabase-storage.ts","M31","Shared Infra Queues Storage and Workers","shared-contract"
"shared/infra/workers/content-translation.worker.ts","M31","Shared Infra Queues Storage and Workers","shared-contract"
"shared/infra/workers/email.worker.ts","M31","Shared Infra Queues Storage and Workers","shared-contract"
"shared/infra/workers/worker-runtime.ts","M31","Shared Infra Queues Storage and Workers","shared-contract"
"shared/privacy/constants.ts","M38","Shared Config Security and Constants","shared-contract"
"shared/realtime/middleware/auth.ts","M32","Shared Realtime Transport","shared-contract"
"shared/realtime/middleware/rate-limit.ts","M32","Shared Realtime Transport","shared-contract"
"shared/realtime/server.ts","M32","Shared Realtime Transport","shared-contract"
"shared/realtime/server-realtime-runtime.ts","M32","Shared Realtime Transport","shared-contract"
"shared/realtime/use-realtime-channel.ts","M32","Shared Realtime Transport","shared-contract"
"shared/realtime/use-server-event-stream.ts","M32","Shared Realtime Transport","shared-contract"
"shared/retrieval/core.ts","M29","Shared Retrieval Engine","shared-contract"
"shared/retrieval/embeddings.ts","M29","Shared Retrieval Engine","shared-contract"
"shared/retrieval/indexer.ts","M29","Shared Retrieval Engine","shared-contract"
"shared/retrieval/metadata.ts","M29","Shared Retrieval Engine","shared-contract"
"shared/retrieval/prompts/reranker.ts","M29","Shared Retrieval Engine","shared-contract"
"shared/retrieval/reranker.ts","M29","Shared Retrieval Engine","shared-contract"
"shared/retrieval/search.ts","M29","Shared Retrieval Engine","shared-contract"
"shared/retrieval/types.ts","M29","Shared Retrieval Engine","shared-contract"
"shared/security/client-ip.ts","M38","Shared Config Security and Constants","shared-contract"
"shared/security/uploads.ts","M38","Shared Config Security and Constants","shared-contract"
"shared/surveys/constants.ts","M38","Shared Config Security and Constants","shared-contract"
"shared/tutoring/constants.ts","M38","Shared Config Security and Constants","shared-contract"
"shared/ui/button.tsx","M37","Shared UI Kit","shared-contract"
"shared/ui/card.tsx","M37","Shared UI Kit","shared-contract"
"shared/ui/chart.tsx","M37","Shared UI Kit","shared-contract"
"shared/ui/form-dropdown.tsx","M37","Shared UI Kit","shared-contract"
"shared/ui/glass-panel.tsx","M37","Shared UI Kit","shared-contract"
"shared/ui/markdown-message.tsx","M37","Shared UI Kit","shared-contract"
"shared/ui/table.tsx","M37","Shared UI Kit","shared-contract"
"shared/ui/tailwind-class-utils.ts","M37","Shared UI Kit","shared-contract"
"shared/ui/workspace/activity-feed.tsx","M37","Shared UI Kit","shared-contract"
"shared/ui/workspace/dashboard-header.tsx","M37","Shared UI Kit","shared-contract"
"shared/ui/workspace/dashboard-sidebar.tsx","M37","Shared UI Kit","shared-contract"
"shared/ui/workspace/notifications-page-client.tsx","M37","Shared UI Kit","shared-contract"
"shared/ui/workspace/workspace-stat-card.tsx","M37","Shared UI Kit","shared-contract"
"shared/utils/collections.ts","M38","Shared Config Security and Constants","shared-contract"
